274,274,274,274,274,274,274,274,274,274,274,274,274,274,274,274,274,274,274,274,274,274,274,274,274,274,274,274,274,274,274,274,274,274,274,274,274,274,274,274,274,274,274,274,274,274,274,274,274,274,274,274,274,274,274,274,274,274,274,274,274,274,274,274,274,274,274,274,274,274,274,274,274,274,274,274,274,274,274,274,274,274,274,274,274,274,274,274,274,274,274,274,274,274,274,274,274,274,274,274,274,274,274,274,274,274,274,274,274,274,274,274,274,274,274,274,274,274,274,274
274,274,274,274,274,274,274,274,274,274,274,274,274,274,274,274,274,274,274,274,274,274,274,274,274,274,274,274,274,274,274,274,274,274,274,274,274,274,274,274,274,274,274,274,274,274,274,274,274,274,274,274,274,274,274,274,274,274,274,274,274,274,274,274,274,274,274,274,274,274,274,274,274,274,274,274,274,274,274,274,274,274,274,274,274,274,274,274,274,274,274,274,274,274,274,274,274,274,274,274,274,274,274,274,274,274,274,274,274,274,274,274,274,274,274,274,274,274,274,274
274,274,274,274,274,274,274,274,274,274,274,274,274,274,274,274,274,274,274,274,274,274,274,274,274,274,274,274,274,274,274,274,274,274,274,274,274,274,274,274,274,274,274,274,274,274,274,274,274,274,274,274,274,274,274,274,274,274,274,274,274,274,274,274,274,274,274,274,274,274,274,274,274,274,274,274,274,274,274,274,274,274,274,274,274,274,274,274,274,274,274,274,274,274,274,274,274,274,274,274,274,274,274,274,274,274,274,274,274,274,274,274,274,274,274,274,274,274,274,274
274,274,274,274,274,274,274,274,274,274,274,274,274,274,274,274,274,274,274,274,274,274,274,274,274,274,274,274,274,274,274,274,274,274,274,274,274,274,274,274,274,274,274,274,274,274,274,274,274,274,274,274,274,274,274,274,274,274,274,274,274,274,274,274,274,274,274,274,274,274,274,274,274,274,274,274,274,274,274,274,274,274,274,274,274,274,274,274,274,274,274,274,274,274,274,274,274,274,274,274,274,274,274,274,274,274,274,274,274,274,274,274,274,274,274,274,274,274,274,274
274,274,274,274,274,274,274,274,274,274,274,274,274,274,274,274,274,274,274,274,274,274,274,274,274,274,274,274,274,274,274,274,274,274,274,274,274,274,274,274,274,274,274,274,274,274,274,274,274,274,274,274,274,274,274,274,274,274,274,274,274,274,274,274,274,274,274,274,274,274,274,274,274,274,274,274,274,274,274,274,274,274,274,274,274,274,274,274,274,274,274,274,274,274,274,274,274,274,274,274,274,274,274,274,274,274,274,274,274,274,274,274,274,274,274,274,274,274,274,274
274,274,274,274,274,274,274,274,274,274,274,274,274,274,274,274,274,274,274,274,274,274,274,274,274,274,274,274,274,274,274,274,274,274,274,274,274,274,274,274,274,274,274,274,274,274,274,274,274,274,-1610612544,-1073741680,-1073741680,-1073741680,-1073741680,-1073741680,-1073741680,-1073741680,-1073741680,-1073741680,-1073741680,-1073741680,-1073741680,-1073741680,-1073741680,-1073741632,274,274,274,274,274,274,274,274,274,274,274,274,274,274,274,274,274,274,274,274,274,274,274,274,274,274,274,274,274,274,274,274,274,274,274,274,274,274,274,274,274,274,274,274,274,274,274,274,274,274,274,274,274,274
274,274,274,274,274,274,274,274,274,274,274,274,274,274,274,274,274,274,274,274,274,274,274,274,274,274,274,274,274,274,274,274,274,274,274,274,274,274,274,274,274,274,274,274,274,274,274,274,-1610612544,-1073741680,-1073741681,1610613265,1610613264,1610613264,1610613264,1610613264,1610613264,1610613264,1610613264,1610613264,1610613264,1610613264,1610613264,1610613264,529,187,-1073741680,-1073741680,-1073741680,-1073741680,-1073741680,-1073741632,274,274,274,274,274,274,274,274,274,274,274,274,274,274,274,274,274,274,274,274,274,274,274,274,274,274,274,274,274,274,274,274,274,274,274,274,274,274,274,274,274,274,274,274,274,274,274,274
274,274,274,274,274,274,274,274,274,274,274,274,274,274,274,274,274,274,274,274,274,274,274,274,274,274,274,274,274,274,274,274,274,274,274,274,274,274,274,274,274,274,274,274,274,274,-1610612544,-1073741680,-1073741681,1610613265,1610613264,-1610612206,507,510,508,506,510,508,506,507,510,506,508,510,-1073741294,1610613264,1610613264,1610613264,1610613264,1610613264,529,187,-1073741680,-1073741632,274,274,274,274,274,274,274,274,274,274,274,274,274,274,274,274,274,274,274,274,274,274,274,274,274,274,274,274,274,274,274,274,274,274,274,274,274,274,274,274,274,274,274,274,274,274
274,274,274,274,274,274,274,274,274,274,274,274,274,274,274,274,274,274,274,274,274,274,274,274,274,274,274,274,274,274,274,274,274,274,274,274,274,274,274,274,274,274,274,274,-1610612544,188,-1073741681,1610613265,1610613264,-1610612206,509,508,506,508,507,510,509,510,510,510,507,506,509,508,510,509,510,506,506,510,-1073741294,1610613264,529,187,-1073741680,-1073741680,-1073741632,274,274,274,274,274,274,274,274,274,274,274,274,274,274,274,274,274,274,274,274,274,274,274,274,274,274,274,274,274,274,274,274,274,274,274,274,274,274,274,274,274,274,274
274,274,274,274,274,274,274,274,274,274,274,274,274,274,274,274,274,274,274,274,274,274,274,274,274,274,274,274,274,274,274,274,274,274,274,274,274,274,274,274,274,274,-1610612544,-1073741680,-1610612591,1610613265,1610613264,-1610612206,510,509,508,508,509,510,506,507,506,509,510,510,510,509,509,510,508,508,507,510,507,506,507,506,-1073741294,1610613264,1610613264,529,187,-1073741632,274,274,274,274,274,274,274,274,274,274,274,274,274,274,274,274,274,274,274,274,274,274,274,274,274,274,274,274,274,274,274,274,274,274,274,274,274,274,274,274,274,274
274,274,274,274,274,274,274,274,274,274,274,274,274,274,274,274,274,274,274,274,274,274,274,274,274,274,274,274,274,274,274,274,274,274,274,274,274,274,274,274,-1610612544,-1073741680,189,1610613265,1610613264,-1610612206,509,510,510,510,507,507,510,509,510,508,506,507,506,509,410,411,411,411,411,411,411,411,411,411,412,510,507,507,507,-1073741294,529,187,-1073741680,-1073741632,274,274,274,274,274,274,274,274,274,274,274,274,274,274,274,274,274,274,274,274,274,274,274,274,274,274,274,274,274,274,274,274,274,274,274,274,274,274,274,274
274,274,274,274,274,274,274,274,274,274,274,274,274,274,274,274,274,274,274,274,274,274,274,274,274,274,274,274,274,274,274,274,274,274,274,274,274,274,274,-1610612544,189,1610613265,1610613264,-1610612206,509,507,509,508,506,510,506,507,506,509,509,507,508,510,509,506,432,396,397,397,397,397,397,397,397,398,434,507,510,508,507,508,-1073741294,1610613264,529,187,-1073741632,274,274,274,274,274,274,274,274,274,274,274,274,274,274,274,274,274,274,274,274,274,274,274,274,274,274,274,274,274,274,274,274,274,274,274,274,274,274,274
274,274,274,274,274,274,274,274,274,274,274,274,274,274,274,274,274,274,274,274,274,274,274,274,274,274,274,274,274,274,274,274,274,274,274,274,274,274,-1610612544,189,1610613265,-1610612206,508,506,506,508,509,510,506,510,510,507,509,509,507,506,509,507,508,506,432,418,419,419,419,419,419,419,419,420,434,506,507,507,507,506,509,508,-1073741294,529,187,-1073741632,274,274,274,274,274,274,274,274,274,274,274,274,274,274,274,274,274,274,274,274,274,274,274,274,274,274,274,274,274,274,274,274,274,274,274,274,274,274
274,274,274,274,274,274,274,274,274,274,274,274,274,274,274,274,274,274,274,274,274,274,274,274,274,274,274,274,274,274,274,274,274,274,274,274,-1610612544,-1073741680,-1073741681,1610613265,-1610612206,508,509,506,510,508,510,507,506,506,508,507,508,510,508,507,508,509,507,508,432,418,419,419,419,419,419,419,419,420,434,509,506,508,510,509,510,507,510,-1073741294,529,187,-1073741632,274,274,274,274,274,274,274,274,274,274,274,274,274,274,274,274,274,274,274,274,274,274,274,274,274,274,274,274,274,274,274,274,274,274,274,274,274
274,274,274,274,274,274,274,274,274,274,274,274,274,274,274,274,274,274,274,274,274,274,274,274,274,274,274,274,274,274,274,274,274,274,-1610612544,-1073741680,-1073741681,1610613265,1610613264,-1610612206,506,508,507,506,510,509,509,506,507,509,508,506,510,506,508,509,509,506,506,507,432,418,419,419,419,419,419,419,419,420,434,510,507,507,509,509,507,510,510,510,-1073741294,529,187,-1073741680,-1073741680,-1073741632,274,274,274,274,274,274,274,274,274,274,274,274,274,274,274,274,274,274,274,274,274,274,274,274,274,274,274,274,274,274,274,274,274,274
274,274,274,274,274,274,274,274,274,274,274,274,274,274,274,274,274,274,274,274,274,274,274,274,274,274,274,274,274,274,274,274,274,-1610612544,-1073741681,1610613265,1610613264,-1610612206,508,507,506,509,509,509,507,506,507,509,506,509,510,507,510,509,508,507,506,510,507,508,432,440,441,441,441,441,441,441,441,442,434,510,510,510,509,506,509,507,509,509,509,-1073741294,1610613264,1610613264,529,187,-1073741680,-1073741632,274,274,274,274,274,274,274,274,274,274,274,274,274,274,274,274,274,274,274,274,274,274,274,274,274,274,274,274,274,274,274,274
274,274,274,274,274,274,274,274,274,274,274,274,274,274,274,274,274,274,274,274,274,274,274,274,274,274,274,274,274,274,-1610612544,-1073741680,-1073741680,-1073741681,1610613265,-1610612206,507,506,509,509,510,506,508,510,506,508,509,508,507,508,510,508,508,508,508,509,506,506,510,507,432,506,506,506,506,506,506,433,433,433,434,506,507,508,507,510,508,509,506,507,510,506,509,508,-1073741294,1610613264,529,187,-1073741632,274,274,274,274,274,274,274,274,274,274,274,274,274,274,274,274,274,274,274,274,274,274,274,274,274,274,274,274,274,274,274
274,274,274,274,274,274,274,274,274,274,274,274,274,274,274,274,274,274,274,274,274,274,274,274,274,274,274,274,274,-1610612544,-1073741681,1610613265,1610613264,1610613264,-1610612206,510,507,510,508,507,510,509,506,509,507,507,507,507,507,506,507,509,510,509,507,509,509,510,510,509,413,414,261,263,414,414,414,261,263,414,415,507,509,508,507,506,506,507,510,510,508,509,506,508,509,509,-1073741294,529,1610612880,274,274,274,274,274,274,274,274,274,274,274,274,274,274,274,274,274,274,274,274,274,274,274,274,274,274,274,274,274,274,274
274,274,274,274,274,274,274,274,274,274,274,274,274,274,274,274,274,274,274,274,274,274,274,274,274,274,274,-1610612544,188,-1073741681,1610613265,-1610612206,507,510,506,509,506,508,510,510,509,509,510,508,509,510,509,508,509,510,509,508,510,508,508,508,509,510,509,506,435,436,283,285,436,436,436,283,285,436,437,510,507,509,507,509,507,510,509,507,509,506,508,509,508,508,1610613266,-1610612207,1610612880,274,274,274,274,274,274,274,274,274,274,274,274,274,274,274,274,274,274,274,274,274,274,274,274,274,274,274,274,274,274,274
274,274,274,274,274,274,274,274,274,274,274,274,274,274,274,274,274,274,274,274,274,274,274,274,274,-1610612544,188,-1073741681,1610613265,1610613264,-1610612206,509,508,508,510,509,507,507,510,508,508,510,510,509,507,506,510,508,508,508,510,510,507,507,507,508,506,506,510,507,435,410,283,285,411,411,411,283,285,412,437,507,509,509,509,508,510,510,507,507,510,507,508,510,506,508,528,143,1610612928,274,274,274,274,274,274,274,274,274,274,274,274,274,274,274,274,274,274,274,274,274,274,274,274,274,274,274,274,274,274,274
274,274,274,274,274,274,274,274,274,274,274,274,274,274,274,274,274,274,274,274,274,274,274,274,-1610612544,-1073741681,1610613265,1610613264,-1610612206,507,508,507,508,506,508,507,509,507,510,506,507,507,509,510,510,507,508,508,510,510,510,509,506,507,508,507,507,509,506,507,435,432,433,433,433,433,433,433,433,434,437,510,506,506,509,509,508,508,506,510,507,510,507,508,509,509,528,1610612880,274,274,274,274,274,274,274,274,274,274,274,274,274,274,274,274,274,274,274,274,274,274,274,274,274,274,274,274,274,274,274,274
274,274,274,274,274,274,274,274,274,274,274,274,274,274,274,274,274,274,274,274,274,274,-1610612544,-1073741680,-1610612591,1610613265,-1610612206,507,510,508,509,509,510,506,506,507,508,506,508,508,506,510,507,510,509,508,510,510,508,510,507,510,508,509,507,509,510,508,510,509,435,413,414,414,261,262,263,414,414,415,437,506,510,510,507,509,507,509,509,508,508,507,508,509,509,506,528,1610612880,274,274,274,274,274,274,274,274,274,274,274,274,274,274,274,274,274,274,274,274,274,274,274,274,274,274,274,274,274,274,274,274
274,274,274,274,274,274,274,274,274,274,274,274,274,274,274,274,274,274,274,274,274,-1610612544,-1610612591,1610613265,1610613264,-1610612206,509,510,509,509,507,506,508,509,509,508,510,510,508,507,506,507,509,507,508,508,510,509,510,506,506,508,506,506,508,510,509,508,508,508,435,435,436,436,283,284,285,436,436,437,437,506,508,510,507,509,509,509,510,508,509,510,507,1610613266,-1610612208,-1610612208,-1610612207,1610612880,274,274,274,274,274,274,274,274,274,274,274,274,274,274,274,274,274,274,274,274,274,274,274,274,274,274,274,274,274,274,274,274
274,274,274,274,274,274,274,274,274,274,274,274,274,274,274,274,274,274,274,274,-1610612544,-1610612591,1610613265,-1610612206,509,507,507,510,506,510,506,507,506,506,506,507,508,509,507,506,507,510,508,510,509,510,509,510,508,506,508,510,508,508,509,510,507,507,510,510,457,435,436,436,283,284,285,436,436,437,459,507,507,508,508,509,508,510,508,510,1610613266,-1610612208,-1610612208,-1610612207,143,144,144,1610612928,274,274,274,274,274,274,274,274,274,274,274,274,274,274,274,274,274,274,274,274,274,274,274,274,274,274,274,274,274,274,274,274
274,274,274,274,274,274,274,274,274,274,274,274,274,274,274,274,274,274,-1610612544,-1073741680,-1610612591,1610613265,-1610612206,509,510,509,510,506,509,509,508,507,508,508,508,510,508,510,507,510,510,509,510,509,507,509,506,508,507,510,510,509,508,506,506,508,509,510,506,509,506,435,436,436,283,284,285,436,436,437,508,506,507,506,510,506,507,510,507,1610613266,-1610612207,143,144,144,1610612928,274,274,274,274,274,274,274,274,274,274,274,274,274,274,274,274,274,274,274,274,274,274,274,274,274,274,274,274,274,274,274,274,274,274,274
274,274,274,274,274,274,274,274,274,274,274,274,274,274,274,274,274,-1610612544,-1610612591,1610613265,1610613264,-1610612206,508,509,508,510,510,507,507,507,506,510,508,506,510,510,509,510,507,508,508,510,507,508,508,510,509,510,510,506,510,508,508,510,508,508,507,509,507,508,506,457,458,458,283,284,285,458,458,459,508,508,508,509,510,508,506,510,1610613266,-1610612207,143,1610612928,274,274,274,274,274,274,274,274,274,274,274,274,274,274,274,274,274,274,274,274,274,274,274,274,274,274,274,274,274,274,274,274,274,274,274,274,274,274
274,274,274,274,274,274,274,274,274,274,274,274,274,274,274,274,-1610612544,-1610612591,1610613265,-1610612206,507,510,508,506,507,507,506,508,509,506,508,507,510,508,510,507,510,508,510,509,508,508,507,509,508,510,509,506,508,510,506,509,506,510,509,508,508,506,507,507,506,508,508,507,305,306,307,507,510,510,506,508,510,507,506,509,1610613266,-1610612208,-1610612207,143,1610612928,274,274,274,274,274,274,274,274,274,274,274,274,274,274,274,274,274,274,274,274,274,274,274,274,274,274,274,274,274,274,274,274,274,274,274,274,274,274,274
274,274,274,274,274,274,274,274,274,274,274,274,274,274,274,-1610612544,-1610612591,1610613265,-1610612206,510,506,506,509,510,508,509,506,510,506,509,508,510,506,510,510,510,510,507,509,510,508,508,507,508,506,507,510,509,506,509,507,508,510,510,506,507,506,506,510,506,507,510,507,508,506,507,506,509,507,508,509,508,506,510,1610613266,-1610612208,-1610612207,143,144,1610612928,274,274,274,274,274,274,274,274,274,274,274,274,274,274,274,274,274,274,274,274,274,274,274,274,274,274,274,274,274,274,274,274,274,274,274,274,274,274,274,274
274,274,274,274,274,274,274,274,274,274,274,274,274,274,274,-1610612592,1610613265,-1610612206,510,510,509,509,510,508,507,510,508,509,508,508,507,508,508,507,507,508,510,506,509,510,506,508,508,506,508,507,509,508,508,509,508,508,510,508,509,508,506,510,508,508,510,509,506,508,510,510,507,507,510,510,506,1610613266,-1610612208,-1610612208,-1610612207,143,144,1610612928,274,274,274,274,274,274,274,274,274,274,274,274,274,274,274,274,274,274,274,274,274,274,274,274,274,274,274,274,274,274,274,274,274,274,274,274,274,274,274,274,274,274
274,274,274,274,274,274,274,274,274,274,274,274,274,274,274,-1610612592,-1073741296,507,508,506,509,508,509,509,507,510,506,508,508,509,508,507,507,510,510,508,510,507,507,507,510,510,510,510,506,510,509,509,510,509,510,508,507,506,509,510,510,506,510,508,507,508,510,509,507,507,507,509,510,1610613266,510,-1610612207,143,144,144,1610612928,274,274,274,274,274,274,274,274,274,274,274,274,274,274,274,274,274,274,274,274,274,274,274,274,274,274,274,274,274,274,274,274,274,274,274,274,274,274,274,274,274,274,274,274
274,274,274,274,274,274,274,274,274,274,274,274,274,274,274,-1610612592,-1073741296,510,506,508,508,509,509,508,507,509,510,507,507,509,510,510,508,510,509,510,510,507,508,510,509,510,510,506,510,509,506,506,510,508,507,507,508,508,509,507,507,510,510,506,509,507,506,508,1610613266,-1610612208,-1610612208,-1610612208,-1610612208,-1610612207,143,144,1610612928,274,274,274,274,274,274,274,274,274,274,274,274,274,274,274,274,274,274,274,274,274,274,274,274,274,274,274,274,274,274,274,274,274,274,274,274,274,274,274,274,274,274,274,274,274,274,274
274,274,274,274,274,274,274,274,274,274,274,274,274,274,-1610612544,-1610612591,-1073741296,506,508,506,508,506,507,506,510,508,508,506,509,508,510,508,509,507,508,506,509,508,507,506,510,507,508,507,510,508,506,510,507,506,507,506,509,507,509,507,508,509,506,510,1610613266,-1610612208,-1610612208,-1610612208,-1610612207,143,144,144,144,144,1610612928,274,274,274,274,274,274,274,274,274,274,274,274,274,274,274,274,274,274,274,274,274,274,274,274,274,274,274,274,274,274,274,274,274,274,274,274,274,274,274,274,274,274,274,274,274,274,274,274,274
274,274,274,274,274,274,274,274,274,274,274,274,274,-1610612544,-1610612591,1610613265,-1610612206,509,507,506,509,509,507,510,507,508,509,506,509,509,507,506,508,509,509,508,510,506,506,508,509,508,508,510,506,508,509,507,509,510,508,507,510,510,510,509,1610613266,-1610612208,-1610612208,-1610612208,-1610612207,143,144,144,144,1610612928,274,274,274,274,274,274,274,274,274,274,274,274,274,274,274,274,274,274,274,274,274,274,274,274,274,274,274,274,274,274,274,274,274,272,274,274,274,274,274,274,274,274,274,274,274,274,274,274,274,274,274,274,274,274
274,274,274,274,274,274,274,274,274,274,274,274,274,-1610612592,1610613265,-1610612206,508,507,506,510,508,510,510,506,510,508,507,508,508,506,506,507,510,508,510,510,508,508,510,507,509,510,509,509,508,508,506,509,507,507,507,506,508,1610613266,-1610612208,-1610612208,-1610612207,143,144,144,144,1610612928,274,274,274,274,274,274,274,274,274,274,274,274,274,274,274,274,274,274,274,274,274,274,274,274,274,274,274,274,274,274,274,274,274,274,274,274,274,274,274,274,274,274,274,274,274,274,274,273,274,274,274,274,274,274,274,274,274,274
274,274,274,274,274,274,274,274,274,274,274,274,274,-1610612592,-1073741295,530,507,506,506,506,510,507,510,509,509,508,510,510,510,506,509,509,506,507,506,509,507,507,506,507,508,507,509,506,510,507,506,508,507,508,509,1610613266,-1610612208,-1610612207,143,144,144,1610612928,274,274,274,274,274,274,274,274,274,274,274,274,274,274,274,274,274,274,274,274,274,274,274,274,274,274,274,274,274,274,274,274,274,274,274,274,274,274,274,274,274,274,274,274,274,274,274,274,274,274,274,274,274,274,274,274,274,274,274,274,274,274
274,274,274,274,274,274,274,274,274,274,274,274,274,192,145,-1073741296,510,507,506,508,508,510,507,506,509,507,508,508,510,510,510,509,506,510,508,508,506,509,509,509,510,506,506,506,509,508,510,507,508,1610613266,-1610612208,-1610612207,143,144,1610612928,274,274,274,274,274,274,274,274,274,274,274,274,274,274,274,274,274,274,274,274,274,274,274,274,274,274,270,274,274,274,274,274,274,274,274,274,274,274,274,274,274,274,274,274,274,274,274,273,274,274,274,274,274,274,274,274,274,274,274,274,274,274,274,274,274
274,274,274,274,274,274,274,274,274,274,274,274,274,274,-1610612592,-1073741295,-1610612208,-1610612208,-1610612208,530,508,506,508,506,508,509,509,506,510,506,510,509,508,509,506,508,506,510,508,507,510,507,507,507,506,508,1610613266,-1610612208,-1610612208,-1610612207,143,144,1610612928,274,274,274,274,274,274,274,274,274,274,274,274,274,274,274,274,274,274,274,274,274,274,274,274,274,274,274,274,274,274,274,274,274,274,274,274,274,274,270,274,274,274,274,274,274,274,274,274,274,274,274,274,274,274,274,274,274,274,274,274,274,274,274,274,274,274,274
274,274,274,274,274,274,274,274,274,274,274,274,274,274,192,144,144,144,145,-1073741295,-1610612208,530,508,510,510,506,507,508,509,508,506,507,506,507,510,510,508,510,508,509,509,509,509,1610613266,-1610612208,-1610612208,-1610612207,289,144,144,1610612928,274,274,274,274,274,274,274,274,274,274,274,274,274,274,274,274,274,274,273,274,274,274,274,274,274,274,274,274,274,274,274,274,274,274,274,274,274,274,274,274,274,274,274,274,274,273,274,274,274,274,274,274,274,274,274,274,274,274,274,274,274,274,274,274,274,274,274,274,274
274,274,274,274,274,274,274,274,274,274,274,274,274,274,274,274,274,274,192,144,145,-1073741295,-1610612208,-1610612208,-1610612208,530,510,509,510,506,506,507,509,507,506,509,508,509,506,508,510,506,509,-1610612207,143,144,290,315,274,274,274,274,274,274,274,274,274,274,274,274,274,271,274,274,274,274,274,274,274,274,274,274,274,274,274,274,274,274,274,274,274,274,274,274,274,274,274,274,274,274,274,274,274,274,274,274,274,274,274,274,274,274,274,274,274,274,274,274,272,274,274,274,274,274,274,274,274,274,274,274
274,274,274,274,274,274,274,274,274,274,274,274,274,274,274,274,274,274,274,274,192,144,144,144,145,-1073741295,-1610612208,-1610612208,-1610612208,-1610612208,530,506,508,510,510,506,507,1610613266,507,510,506,507,-1610612207,143,1610612928,274,374,310,274,274,274,274,274,252,274,274,274,274,274,274,274,274,274,273,274,274,274,274,274,274,274,274,274,274,274,274,274,274,274,274,274,274,274,274,274,273,274,274,274,274,274,272,274,274,274,274,274,274,270,274,274,274,274,274,274,273,274,274,274,274,274,274,274,274,274,274,274,272,274,274
274,274,274,274,274,274,274,274,274,274,274,274,274,274,274,274,274,274,274,274,274,274,274,274,192,144,144,144,144,145,-1073741295,-1610612208,-1610612208,-1610612208,-1610612208,-1610612208,-1610612208,-1610612207,143,144,144,144,144,1610612928,274,274,308,310,274,274,252,274,274,274,274,274,273,274,270,274,274,274,274,274,274,274,274,274,274,274,274,274,274,274,274,274,274,274,274,274,274,274,274,274,274,274,274,274,274,274,274,274,274,274,274,274,274,274,274,274,274,274,274,274,274,272,274,274,274,274,274,274,274,274,274,274,274,274,274,274
274,274,274,274,274,274,274,274,274,274,274,274,274,274,274,274,274,274,274,274,274,274,274,274,274,274,274,274,274,192,144,144,144,144,144,144,144,144,1610612928,274,274,274,274,274,274,274,356,309,293,274,274,274,274,274,270,274,274,274,274,270,274,274,274,-1610612676,56,56,56,56,56,56,56,56,56,56,56,56,56,56,56,56,56,-1073741764,274,274,274,274,274,274,274,274,274,274,274,274,274,274,274,274,274,274,274,274,274,274,274,274,274,274,274,274,274,274,274,274,274,274,274,273,274,274
274,274,274,274,274,274,274,274,274,274,274,274,274,274,274,274,274,274,274,274,274,274,274,274,274,274,274,274,274,274,274,274,274,274,274,274,274,274,274,274,274,274,274,274,274,274,274,308,375,170,188,188,188,171,274,274,274,274,274,274,274,274,-1610612676,57,23,23,23,23,23,23,23,23,23,23,23,23,23,23,23,23,23,55,56,56,56,-1073741764,274,274,274,274,274,274,274,274,274,274,274,274,274,274,274,274,274,274,274,274,274,274,274,274,274,274,274,274,274,274,274,274,274,274
274,274,274,274,274,274,274,274,274,274,274,274,274,274,274,274,274,274,274,274,274,274,274,274,274,274,274,274,274,274,274,274,274,274,274,274,274,274,274,274,271,274,274,252,274,274,274,308,310,189,266,268,268,187,171,274,274,274,274,274,-1610612676,-1610612701,57,23,23,0,23,23,23,23,0,23,23,-1610612687,-1073741823,-1073741823,-1073741823,-1073741823,-1073741823,-1073741823,-1073741775,23,23,23,23,55,56,56,56,56,56,56,56,56,56,56,-1073741764,274,274,274,274,274,274,274,274,274,274,274,274,274,274,274,274,274,274,274,274,274,274,274
274,274,274,274,274,274,274,274,274,274,274,274,274,274,274,274,274,274,274,274,274,274,274,274,274,274,274,272,274,274,274,274,274,274,274,274,274,274,274,274,274,274,274,274,274,274,274,330,310,268,268,264,268,266,286,287,287,287,287,287,287,288,23,23,23,23,23,23,23,23,23,23,-1610612687,46,114,114,111,113,111,110,-1610612690,-1073741823,-1073741823,-1073741775,23,23,23,23,23,23,23,23,23,23,23,23,33,274,274,274,274,274,274,274,274,274,274,274,274,274,274,274,274,274,274,274,274,274,274,274
274,274,274,274,274,274,274,274,274,274,274,274,274,274,274,274,274,274,274,274,274,274,274,274,274,274,274,274,274,274,274,274,274,274,274,274,274,274,274,274,274,273,274,274,252,274,274,274,333,264,244,244,266,265,308,377,375,377,374,378,377,310,23,23,23,0,23,23,23,23,-1610612687,-1073741823,46,113,110,1610612873,-1610612601,-1610612601,-1610612601,137,111,111,110,-1610612690,-1073741823,-1073741775,23,23,23,23,23,23,23,23,23,23,55,-1073741764,274,274,274,274,270,274,274,274,274,272,274,274,274,274,274,274,274,274,274,274,274,274
274,274,274,274,274,274,274,274,274,274,274,274,274,274,274,274,274,274,274,274,274,274,274,274,274,274,274,274,274,274,274,274,274,274,274,274,274,274,274,274,274,274,274,274,272,274,274,274,167,244,266,265,266,267,330,331,331,331,331,331,331,359,23,23,23,23,0,23,-1610612687,-1073741823,46,110,114,113,1610612873,-1610612600,268,245,264,-1073741688,137,114,110,114,113,-1610612690,-1073741775,23,23,23,23,23,23,23,23,23,23,33,274,274,274,274,274,274,274,274,274,274,274,274,274,274,274,274,274,274,270,274,274,274
274,274,274,274,274,274,274,274,274,274,274,274,274,274,274,274,274,274,274,274,274,274,274,274,274,274,274,274,274,274,274,274,274,274,274,274,274,274,274,274,274,274,274,274,274,274,274,274,192,144,144,145,267,143,193,274,274,274,274,274,274,60,13,23,23,23,23,23,-1610612735,111,111,111,113,114,135,245,265,266,266,266,-1073741689,112,112,111,112,111,-1610612690,-1073741775,23,0,23,23,23,0,23,23,23,55,-1073741764,274,274,274,274,274,274,274,274,274,274,274,274,274,274,274,274,274,274,274,274,274
274,274,274,274,274,274,274,274,274,274,274,274,274,274,274,274,274,274,274,274,274,274,274,274,271,274,274,274,274,274,274,274,274,274,274,274,274,274,274,274,274,274,274,274,274,274,274,271,274,274,274,192,-1073741636,193,274,252,274,274,252,274,274,274,60,13,23,23,23,23,-1610612735,113,110,113,111,111,135,244,266,267,266,1610612872,-1610612599,113,110,114,114,112,111,1610612737,23,23,23,23,23,23,0,23,23,23,33,274,274,274,274,274,274,274,274,274,274,274,274,274,274,274,274,274,274,274,274,274
274,274,274,274,274,274,274,274,274,274,274,274,274,274,274,274,274,274,274,274,274,274,274,274,274,274,274,274,274,274,274,270,274,274,274,274,274,274,274,274,170,188,188,188,188,-1610612566,274,274,274,274,274,274,274,274,274,274,274,274,274,274,274,274,274,35,23,23,23,23,49,1,1610612782,110,113,110,-1073741687,136,266,265,245,-1073741689,110,113,110,111,110,111,110,1610612737,23,23,23,23,23,23,23,23,23,23,33,274,274,274,274,274,274,274,274,274,274,274,274,274,274,274,274,274,274,274,274,274
274,274,274,274,274,274,274,274,274,274,274,274,274,274,274,274,274,274,274,274,274,274,274,274,274,274,274,274,274,274,274,274,274,274,-1610612544,188,188,188,188,188,-1073741681,1610613027,-1610612447,-1610612447,291,-1610612547,-1073741632,274,274,274,274,274,274,274,270,274,274,274,273,274,252,274,274,35,23,23,23,23,23,23,49,1,1610612782,110,110,-1073741687,136,265,1610612872,-1610612599,114,113,114,114,113,-1073741778,1,1610612785,23,23,23,23,23,23,23,23,23,23,55,-1073741764,274,274,274,274,274,274,274,274,274,274,274,274,274,274,274,274,274,274,274,274
274,274,274,274,274,274,274,274,274,274,274,274,274,274,274,274,274,274,274,274,274,274,274,274,274,274,274,274,-1610612544,188,188,188,188,188,-1073741681,1610613027,-1610612447,-1610612447,-1610612447,-1610612447,-1610612447,-1610612446,278,276,-1073741534,291,187,-1073741632,274,274,274,274,252,274,274,274,274,274,274,274,274,274,274,60,13,23,23,0,23,23,23,23,49,1610612782,110,110,-1073741687,1610612871,-1610612599,113,114,113,114,112,112,1610612737,23,23,23,23,23,23,23,23,23,23,23,23,23,33,274,274,274,274,274,274,274,270,274,274,274,274,274,274,274,274,274,274,274,274
274,274,274,274,274,274,274,274,274,274,274,274,274,274,274,274,274,274,274,274,274,274,273,274,274,274,-1610612544,188,-1073741681,410,411,411,411,411,411,411,411,411,411,411,411,411,411,412,277,-1073741534,291,-1073741679,188,-1073741632,274,274,274,274,274,274,274,274,274,274,271,274,274,274,35,23,23,23,23,23,23,23,23,49,1,1610612782,113,112,112,114,110,114,-1073741778,1,1,1610612785,23,23,23,23,23,23,23,0,23,23,23,23,23,33,274,274,274,274,274,274,274,274,274,274,274,274,274,274,274,274,274,274,274,274
274,274,274,274,274,274,274,274,274,274,274,274,274,274,274,274,274,274,274,274,274,274,274,274,274,1610612907,189,1610613027,-1610612446,432,506,396,397,397,398,507,507,508,506,506,506,506,506,434,277,276,-1073741534,291,267,-1610612548,274,274,274,274,271,274,274,274,274,274,274,274,274,274,35,23,23,23,23,23,23,23,23,23,23,49,1610612782,114,114,-1073741778,1,1,1610612785,23,23,23,23,23,-1073741823,-1073741823,-1073741823,-1073741823,-1073741823,-1073741823,-1073741823,28,23,23,23,33,274,274,274,274,274,274,274,274,274,274,274,274,274,274,274,274,274,274,274,274
274,274,274,274,274,274,274,274,274,274,274,274,274,274,274,274,274,274,274,274,274,274,274,274,274,167,1610613027,-1610612446,276,432,510,440,-1073741379,487,445,398,506,396,397,398,506,506,506,434,278,278,275,-1073741534,291,187,188,188,-1073741632,274,274,274,274,252,274,274,274,274,274,274,35,23,23,0,23,23,23,23,0,23,23,23,49,1,1,1610612785,23,23,23,23,23,-1610612687,45,46,1610612873,-1610612601,-1610612601,-1610612601,-1610612601,-1610612601,137,22,23,23,23,55,-1073741764,274,274,274,274,274,274,274,274,274,274,274,274,274,274,274,274,274,274,274
274,274,274,274,274,274,274,274,274,274,274,274,274,274,274,274,274,274,274,274,274,274,274,274,274,167,289,275,276,432,510,396,1610613181,487,487,445,397,487,487,420,507,509,506,434,278,278,276,278,-1073741534,-1610612447,-1610612447,291,187,-1073741632,274,274,274,274,274,274,274,274,274,274,60,13,23,23,23,23,23,23,23,23,23,23,23,23,23,23,23,23,23,23,23,-1610612735,1610612873,-1610612601,-1610612600,168,169,169,169,170,-1073741689,-1610612690,23,23,23,23,55,-1073741764,274,274,274,274,274,274,274,274,274,274,274,274,274,274,274,274,274,274
274,274,274,274,274,274,274,274,274,274,274,274,274,274,274,274,274,274,274,274,274,272,274,274,274,167,289,279,277,432,510,418,487,487,487,487,487,487,487,420,507,506,506,434,279,276,279,275,278,279,278,-1073741534,291,187,-1610612566,274,274,273,274,274,274,274,274,274,274,35,23,23,23,23,23,23,23,23,23,23,23,23,0,23,23,23,23,23,23,-1610612735,135,168,169,230,29,29,29,198,-1073741688,137,1610612737,0,23,23,23,33,274,274,274,274,274,274,274,274,274,273,274,274,274,274,274,274,274,274
274,274,274,274,274,274,274,274,274,274,274,274,274,274,274,274,274,274,274,274,272,274,274,274,274,167,289,277,277,432,506,440,441,441,441,441,441,441,441,442,507,506,506,434,279,278,279,275,279,276,276,275,-1073741534,291,-1610612548,274,274,274,274,274,274,274,272,274,274,35,23,23,23,23,23,23,23,23,23,23,23,23,23,23,23,23,23,23,23,-1610612735,135,196,29,29,29,29,29,229,170,-1073741689,1610612737,23,23,23,23,33,274,274,274,274,274,274,274,274,274,274,274,274,274,274,274,274,274,274
274,274,274,274,274,274,274,274,274,274,274,274,274,274,274,274,274,274,274,272,272,274,274,274,274,167,289,278,278,432,506,509,510,506,508,510,509,507,510,507,507,508,506,434,275,277,275,277,278,277,277,275,275,-1073741535,187,-1610612566,274,274,274,274,274,274,274,274,274,35,23,23,23,23,23,23,0,23,23,23,23,23,0,23,23,23,23,23,23,-1610612735,135,196,29,29,29,29,29,29,198,-1073741689,1610612737,23,0,23,23,33,274,274,274,274,274,274,274,274,274,274,274,274,274,274,274,274,274,274
274,274,274,274,274,274,274,274,274,274,274,274,274,274,274,274,274,274,274,270,274,274,274,274,-1610612544,1610612923,289,278,277,432,506,506,509,506,508,510,506,507,506,506,506,506,506,434,279,279,278,275,279,275,276,278,277,-1073741534,291,187,1610612929,274,274,274,274,274,274,274,274,35,23,23,23,23,23,23,23,23,23,23,23,23,23,23,23,23,23,23,0,-1610612735,135,224,202,29,29,29,29,201,226,-1073741689,1610612737,23,23,23,23,33,274,274,274,274,274,274,274,274,274,274,274,274,274,274,274,274,274,274
274,274,274,274,274,274,274,274,274,274,274,274,274,274,274,274,274,274,274,274,274,274,274,274,167,268,289,277,275,413,414,414,417,261,262,262,262,262,262,263,413,414,414,415,276,278,275,278,275,278,277,277,278,278,-1073741534,291,-1610612548,274,274,271,274,274,274,274,274,60,13,23,23,23,23,23,23,23,23,23,23,23,23,23,23,23,23,23,23,-1610612735,-1073741687,136,224,202,29,201,225,226,1610612872,-1610612599,1610612737,23,23,23,11,1610612796,274,274,274,274,274,274,274,274,274,274,274,274,274,274,274,274,274,274
274,274,274,274,274,274,274,274,274,274,274,274,274,274,274,274,274,274,274,274,274,274,274,1610612907,-1610612591,1610613027,-1610612446,279,279,435,436,436,439,283,284,284,284,284,284,285,435,436,436,437,278,275,278,276,277,279,278,278,275,279,279,-1073741535,-1610612548,274,274,274,274,274,274,274,274,274,60,13,23,23,23,23,23,23,23,23,23,23,23,23,23,23,23,23,23,49,1610612782,-1073741687,136,224,225,226,1610612872,1610612871,-1610612599,-1073741778,0,23,23,23,33,274,273,252,274,274,274,274,274,274,273,274,274,270,274,274,274,274,274,274
274,274,274,274,274,274,274,274,274,274,274,274,274,274,274,274,274,274,274,274,274,274,274,167,1610613027,-1610612446,275,275,278,435,436,436,439,283,284,284,284,284,284,285,435,436,436,437,278,277,279,279,277,279,277,277,279,278,276,-1073741535,187,1610612929,274,274,274,274,274,274,274,274,274,35,23,23,23,23,23,23,23,23,23,23,23,23,23,0,23,23,23,23,23,1610612782,-1073741687,1610612871,1610612871,1610612871,-1610612599,-1073741778,23,23,23,23,23,11,1610612796,274,274,274,274,274,274,274,274,274,274,274,274,274,274,274,270,274,274,274
274,274,274,274,274,274,274,274,274,274,274,274,274,274,274,274,274,274,274,274,274,274,-1073741631,189,289,275,275,278,278,457,458,458,461,305,306,306,306,306,306,307,457,458,458,459,276,276,278,277,275,278,279,275,279,278,279,-1073741534,291,-1610612548,274,274,274,274,274,274,274,274,274,60,13,23,23,23,23,23,0,23,23,23,23,23,23,23,23,23,23,23,23,23,1,1,1,1,1,23,23,23,23,23,23,33,274,274,274,274,274,274,274,274,274,274,274,274,274,274,274,274,274,274,274,274
274,274,274,274,274,274,274,274,274,274,274,274,274,274,274,274,270,274,274,274,274,274,167,267,289,279,275,278,277,275,278,275,277,278,276,165,166,167,276,276,276,277,279,276,279,275,277,279,277,279,277,279,279,275,277,276,-1073741535,187,-1073741632,274,274,274,274,274,274,274,274,274,35,23,23,23,23,23,23,23,23,23,23,23,23,23,23,23,23,23,0,23,23,23,23,23,23,23,23,23,23,23,23,33,274,274,274,274,274,274,274,274,274,274,274,274,274,274,274,274,274,274,274,274
274,274,274,274,274,274,274,274,274,274,274,274,274,274,274,274,274,274,274,274,274,274,167,267,289,276,279,279,275,279,278,279,275,275,278,187,188,189,278,278,277,278,277,276,276,275,276,275,277,278,279,275,278,278,276,277,-1073741534,291,165,274,274,274,274,274,274,274,274,274,35,23,23,23,23,23,23,23,23,23,23,23,23,23,23,23,23,23,23,23,23,23,23,23,23,23,23,23,23,23,23,33,274,252,274,274,274,274,274,274,274,274,274,274,274,274,274,274,274,274,274,274
274,274,274,274,274,274,274,274,274,274,274,274,274,274,274,274,274,274,273,274,274,1610612907,189,264,-1073741533,290,278,277,278,277,279,277,276,278,279,187,188,189,279,278,278,276,277,278,275,279,277,277,275,276,277,275,277,279,278,277,275,-1073741535,187,-1073741632,274,274,274,274,274,274,274,274,35,23,23,23,23,23,0,23,23,23,23,0,23,23,23,23,23,23,23,23,23,23,23,23,23,23,23,23,23,23,23,33,274,274,274,274,274,274,274,274,274,274,274,274,274,274,274,274,274,274,274,274
274,274,274,274,274,274,274,274,274,274,274,274,274,274,274,274,274,274,274,274,274,1610612924,244,265,244,-1073741533,290,277,279,275,276,278,276,276,276,187,188,189,276,278,278,279,276,277,278,277,275,276,276,278,278,276,278,276,275,278,276,-1073741535,244,165,274,274,274,274,274,274,274,274,60,13,23,23,23,23,23,23,23,23,23,23,23,23,23,23,23,23,23,23,23,23,23,23,23,23,23,23,23,23,11,1610612796,274,274,274,274,274,274,274,274,274,274,274,274,274,274,274,273,274,274,274,274
274,274,274,274,274,274,274,274,274,274,274,274,274,274,274,274,274,274,274,274,274,1610612924,266,265,244,268,-1073741533,1610613025,290,275,275,275,277,276,277,187,188,189,278,277,276,279,276,276,279,276,278,277,275,279,276,278,275,278,279,275,276,-1073741534,291,165,274,274,274,274,274,274,274,274,274,35,23,23,23,23,23,23,23,23,23,23,23,23,23,23,23,23,23,23,23,23,23,23,23,23,23,23,23,23,33,274,274,274,274,274,274,274,274,274,274,274,274,274,274,274,274,274,274,274,274,274
274,274,274,274,274,274,274,274,274,274,274,274,274,274,274,272,274,274,274,274,274,1610612924,245,268,267,245,265,244,-1073741533,290,277,275,277,275,278,187,188,189,275,279,276,275,278,278,276,275,276,275,278,278,276,277,277,279,276,277,277,278,-1073741535,187,-1073741632,274,274,274,274,274,274,274,274,35,23,23,23,23,23,23,23,23,23,23,23,23,23,23,23,23,23,23,23,23,23,23,23,23,23,23,23,11,1610612796,274,274,274,274,274,274,274,274,274,274,274,274,274,274,274,274,274,274,274,274,274
274,274,274,274,274,274,274,274,274,274,274,274,274,274,274,274,274,274,274,274,170,189,266,265,245,245,268,264,266,-1073741533,290,275,277,276,275,187,188,189,278,276,275,277,278,278,277,278,279,275,277,275,275,275,278,275,275,279,276,279,-1073741534,291,165,274,274,274,274,274,274,274,274,35,23,23,23,23,23,0,23,23,23,23,0,23,23,23,23,0,23,23,23,23,23,23,23,23,23,23,11,1610612796,274,274,274,274,274,274,274,274,273,274,274,274,274,274,274,274,274,274,274,274,274,274
274,274,274,274,274,274,274,274,274,274,274,274,274,274,274,274,274,274,274,274,167,266,245,244,265,244,267,245,245,265,289,276,277,276,277,187,188,189,279,277,279,276,276,276,278,279,275,276,279,275,279,277,279,277,276,276,277,277,279,-1073741535,165,274,274,274,274,274,274,274,274,60,13,23,23,23,23,23,23,23,23,23,23,23,23,23,23,23,23,23,23,23,23,23,23,23,23,23,33,274,274,274,274,274,252,274,274,274,274,274,274,274,274,274,274,274,274,274,274,274,274,274
274,274,274,274,274,274,274,274,274,274,274,274,274,274,274,274,274,272,274,274,167,268,268,244,267,264,244,265,267,1610613027,-1610612446,278,277,278,278,187,188,189,279,277,279,277,275,275,278,279,278,279,279,279,275,279,278,279,277,277,277,1610613026,1610613025,-1610612445,165,274,274,274,274,274,274,274,274,274,35,23,23,23,23,23,23,23,23,23,23,23,23,23,23,23,23,23,23,23,23,23,23,23,11,12,1610612796,274,274,274,274,274,274,274,274,274,274,274,274,274,274,274,274,274,274,274,274,274,274,274
274,274,274,274,274,274,274,274,274,274,274,274,274,274,274,274,274,274,274,274,167,265,265,265,244,245,267,268,245,289,276,276,275,279,275,187,188,189,279,275,277,276,275,279,279,279,277,276,276,278,275,278,277,1610613026,1610613025,1610613025,1610613025,-1610612445,1610612881,-1610612571,1610612928,274,274,274,274,274,274,274,274,274,35,23,23,23,23,23,23,23,23,23,23,23,23,23,23,23,23,23,23,23,23,23,23,23,33,274,274,274,274,274,274,274,274,274,274,274,274,274,274,274,274,274,274,274,274,274,274,274,274,274
274,274,274,274,274,274,274,274,274,274,274,274,274,274,274,274,274,274,274,274,167,264,245,267,268,244,267,264,266,289,278,277,279,279,278,187,188,189,278,278,275,275,279,276,275,275,276,1610613026,1610613025,290,275,276,1610613026,-1610612445,1610612881,-1610612571,-1610612571,-1610612571,193,274,274,274,274,274,274,274,274,274,274,274,35,23,23,23,23,23,0,23,23,23,23,23,23,23,23,23,23,23,23,23,23,23,23,23,33,274,274,274,274,274,274,274,274,274,274,274,274,274,274,274,274,274,270,274,274,274,274,274,274,274
274,274,274,274,274,274,274,274,274,274,274,274,274,274,274,272,274,274,274,-1610612544,-1610612591,244,265,267,244,268,265,267,245,289,278,277,276,277,276,187,188,189,279,278,276,276,279,279,1610613026,1610613025,1610613025,-1610612445,245,244,264,268,265,245,165,274,274,274,274,274,274,274,274,274,274,274,274,274,274,274,-1073741785,1610612793,23,23,23,23,23,23,0,23,23,23,23,23,23,23,23,0,23,23,23,23,23,23,33,274,274,274,274,274,274,274,274,274,274,274,274,274,274,274,274,274,274,274,274,274,274,274,274,274
274,274,274,274,274,274,274,274,274,274,274,274,274,274,273,274,274,274,274,-1073741659,244,266,266,265,264,268,266,264,268,289,279,275,279,276,279,187,188,214,166,166,166,166,166,167,-1073741535,154,156,266,266,264,264,244,268,266,165,274,274,274,274,274,274,274,274,274,274,274,274,274,274,274,274,35,23,23,23,23,23,23,23,23,23,23,23,23,23,23,23,23,23,23,23,0,23,23,55,56,-1073741764,274,274,274,274,274,274,274,274,274,274,274,274,274,274,274,274,274,274,274,274,274,274,274
274,274,274,274,274,274,274,274,274,274,274,274,274,274,274,274,274,274,274,-1073741659,267,264,245,245,264,267,244,244,267,-1073741533,1610613025,1610613025,290,276,278,209,210,210,210,210,210,210,210,211,-1073741535,176,178,244,245,267,268,264,265,266,165,274,274,274,274,274,274,274,274,274,274,274,274,274,274,274,274,35,23,23,23,23,23,23,23,23,23,23,23,23,23,23,23,23,23,23,23,23,23,23,23,23,33,274,274,274,274,274,274,274,274,274,274,274,274,274,274,274,274,274,274,274,274,274,274,274
274,274,274,274,274,274,274,274,274,274,274,274,274,274,274,274,274,274,274,-1073741659,264,245,264,268,265,264,245,266,244,265,266,245,289,278,278,279,277,275,279,279,278,275,277,278,-1073741535,176,178,245,245,265,245,268,264,264,165,274,274,274,274,274,274,274,274,274,274,274,274,274,274,274,274,35,23,23,23,23,23,23,0,0,23,23,23,23,23,-1610612687,-1073741823,-1073741823,-1073741823,30,-1073741775,23,23,23,23,23,55,-1073741764,274,274,274,274,274,274,274,274,274,274,274,274,274,274,274,274,274,274,274,274,274,274
274,274,274,274,274,274,274,274,274,274,274,274,274,274,274,272,274,274,274,-1073741659,267,266,244,265,265,267,244,244,266,268,264,267,289,276,278,276,279,276,276,276,279,278,278,279,-1073741535,176,178,267,268,264,266,264,267,245,1610612879,1610612929,274,274,274,274,274,274,274,274,252,274,274,274,274,274,274,35,23,23,23,23,23,23,23,0,23,23,23,-1610612687,-1073741823,46,111,114,110,25,-1610612690,-1073741775,23,23,23,23,23,55,-1073741764,274,274,274,274,274,274,274,274,274,274,274,274,274,274,274,274,274,274,274,274,274
274,274,274,274,274,274,274,274,274,274,274,274,274,274,274,270,274,274,274,-1073741659,245,244,244,264,265,264,266,244,266,267,266,264,264,290,279,278,277,275,275,275,275,276,278,277,-1073741535,176,178,264,265,266,267,268,245,267,264,165,274,274,252,274,274,274,274,274,274,274,274,274,274,274,1610612775,57,23,23,23,0,23,23,23,23,23,23,23,-1610612735,112,111,112,110,114,25,110,-1610612690,-1073741775,23,23,23,23,23,33,274,274,274,274,274,274,274,274,274,274,274,274,274,274,274,273,274,274,274,274,274
274,274,274,274,274,274,274,274,274,274,272,274,274,274,274,274,274,274,274,-1073741659,245,245,244,264,245,265,267,264,265,264,265,267,244,268,290,278,277,275,279,276,279,277,278,276,-1073741535,176,178,266,268,245,267,267,266,245,268,165,274,274,274,274,274,274,274,274,274,274,274,274,252,274,35,23,23,23,23,23,23,23,23,23,23,23,23,-1610612735,113,110,114,114,112,25,110,113,-1610612690,-1073741775,23,23,23,23,33,274,274,274,252,274,274,273,274,274,274,274,274,274,274,274,274,274,274,274,274,274
274,274,274,274,274,274,274,274,274,274,274,274,274,274,274,274,274,274,274,-1073741659,268,266,244,244,267,265,264,268,245,266,267,268,244,244,244,1610613025,1610613025,1610613025,1610613025,290,275,277,276,1610613026,-1610612445,176,203,155,155,155,155,156,268,245,266,165,274,274,274,274,274,274,274,274,274,274,274,274,274,274,35,23,23,23,23,23,23,23,23,23,23,23,-1610612687,46,110,111,113,114,114,25,112,112,111,-1610612690,-1073741775,23,23,23,33,274,274,274,274,274,274,274,274,274,274,274,274,274,274,274,274,274,274,274,274,274
274,274,274,274,274,274,274,274,273,274,274,274,274,274,274,274,274,274,274,-1610612592,264,265,268,266,265,266,265,244,268,266,244,264,245,264,267,266,244,267,245,265,1610613025,1610613025,1610613025,266,268,198,199,182,181,199,199,203,155,155,156,165,274,274,274,274,274,274,286,287,287,287,287,287,287,287,288,23,23,23,23,0,23,23,23,23,0,0,-1610612735,112,112,114,112,110,4,73,114,110,110,110,1610612737,23,23,23,55,39,274,274,274,274,274,274,274,274,274,274,274,274,274,274,274,274,274,274,274,274
274,274,274,274,274,274,274,274,274,274,274,274,274,274,274,274,274,274,274,167,268,267,266,266,154,155,156,266,265,245,244,265,264,265,154,155,155,155,155,155,156,265,264,245,245,244,264,176,178,244,244,198,199,199,200,286,287,287,287,287,287,287,309,309,331,331,331,331,331,331,332,23,23,23,23,23,23,23,23,23,23,23,-1610612735,114,114,114,113,4,73,110,114,113,112,111,-1610612690,-1073741775,23,23,23,33,274,274,274,274,274,274,274,274,274,274,274,274,274,274,274,274,274,274,274,274
274,274,274,274,274,274,274,274,274,274,274,274,274,274,274,274,274,274,274,-1073741659,265,265,266,266,176,177,178,264,266,268,244,244,268,268,198,199,199,199,199,182,178,245,266,245,244,265,267,176,178,268,266,267,264,267,245,330,331,331,331,331,331,331,331,332,274,274,274,274,274,1610612775,-1073741813,23,23,23,23,23,23,23,23,23,23,23,93,67,67,67,8,73,113,110,114,114,113,110,4,94,23,23,23,33,274,274,274,274,274,274,274,274,274,274,274,274,274,274,274,274,274,274,274,274
274,274,274,274,274,274,274,274,274,274,274,274,274,274,270,274,274,274,274,192,145,245,264,266,198,199,200,244,244,267,268,266,268,245,265,264,268,266,266,176,178,264,267,265,264,266,266,176,178,268,267,268,245,268,264,165,274,274,274,274,274,274,274,274,274,274,274,274,274,35,23,23,23,23,23,23,23,23,0,23,23,23,-1610612735,110,111,113,25,113,110,112,111,114,110,110,25,-1610612690,-1073741775,23,23,55,39,274,274,274,274,274,274,274,274,274,274,274,274,274,274,274,274,274,274,274
274,274,274,274,274,274,274,274,274,274,274,274,274,274,274,274,274,274,274,274,167,245,244,268,266,154,156,244,264,268,244,264,268,264,268,264,264,265,265,176,178,268,265,245,264,245,268,176,178,245,244,264,266,245,265,165,274,274,274,274,274,274,274,274,274,252,274,274,274,35,23,23,23,23,23,23,23,23,23,23,23,23,-1610612735,111,114,112,25,110,111,111,110,110,110,4,73,113,-1610612690,-1073741775,23,23,55,39,274,274,274,274,274,274,274,274,274,274,274,274,274,274,274,274,274,274
274,274,274,274,274,274,274,274,274,274,274,274,274,274,274,274,274,274,274,274,167,267,266,264,245,176,178,244,267,266,244,268,267,265,264,244,244,267,264,176,178,267,264,268,267,244,267,176,178,244,267,267,244,245,-1610612549,-1073741654,274,274,274,252,274,274,274,274,274,274,274,274,274,35,23,23,23,23,23,23,23,23,23,23,23,23,-1610612735,114,113,110,70,7,114,110,113,113,4,73,114,110,111,1610612737,23,23,23,33,274,274,273,274,273,274,274,274,274,274,274,274,274,274,274,274,274,274
274,274,274,274,274,274,274,274,274,274,274,274,274,274,274,274,274,274,274,274,167,245,267,266,154,204,203,155,155,156,244,267,267,244,267,264,268,265,268,176,178,244,267,154,155,155,155,204,178,267,264,264,266,268,165,274,274,274,274,274,274,274,274,274,274,274,274,274,274,35,23,23,23,23,23,23,23,23,23,23,23,23,-1610612735,111,113,114,110,70,67,8,67,67,73,112,110,111,111,-1610612690,-1073741775,23,23,33,274,274,274,274,274,274,274,274,274,274,274,274,274,274,274,274,274,274
274,274,274,274,274,274,274,274,274,274,274,274,274,274,274,274,274,274,274,274,167,244,264,266,198,199,199,199,182,178,244,245,245,266,266,244,244,268,154,204,203,155,155,204,181,199,199,199,200,268,244,267,264,-1610612549,-1610612565,274,274,274,274,274,274,274,274,270,274,274,274,274,274,35,23,23,23,23,23,23,23,23,23,23,23,23,-1610612735,114,113,113,113,114,112,25,114,112,111,111,114,111,111,111,1610612737,23,23,55,39,274,274,274,274,274,274,274,274,274,274,274,274,274,274,274,274,274
274,274,274,274,274,274,274,274,274,274,274,274,274,274,274,274,274,274,274,274,167,266,265,264,264,244,267,244,176,178,244,267,267,265,264,268,266,154,204,199,199,199,199,199,200,267,264,265,265,265,264,268,267,165,274,274,274,274,274,274,273,274,274,274,274,274,274,274,274,35,23,23,23,23,23,23,23,23,23,23,23,23,-1610612735,113,110,111,113,110,110,70,67,67,67,7,113,114,112,111,1610612737,23,23,23,33,274,274,274,274,274,274,274,274,274,274,274,274,274,274,274,274,274
274,274,274,274,274,274,274,274,274,274,274,274,274,274,274,274,274,274,274,274,192,145,266,245,264,267,266,266,176,178,264,154,155,155,155,155,155,204,178,264,267,245,244,268,265,266,265,268,268,268,264,245,-1610612549,-1610612565,274,274,274,274,274,274,274,274,274,274,274,274,274,274,274,35,23,23,23,23,23,23,23,23,23,23,23,23,49,1610612782,112,110,114,112,112,112,110,112,113,25,113,112,110,114,1610612737,23,23,23,33,274,274,274,274,274,274,274,274,274,274,274,274,274,274,274,274,274
274,274,274,274,274,274,274,274,274,274,274,274,274,274,274,274,274,274,274,274,274,192,145,265,268,264,244,265,176,178,266,176,181,199,199,199,199,199,200,268,245,245,267,245,264,266,265,245,264,245,268,265,165,274,274,274,274,274,273,274,274,274,274,274,274,274,274,274,1610612775,57,23,23,23,23,23,23,23,23,23,23,23,23,23,-1610612735,112,113,111,113,114,113,111,111,113,25,112,114,114,112,1610612737,23,23,23,33,274,274,274,252,270,274,274,272,274,274,274,274,274,274,274,274,274
274,274,274,274,274,274,274,274,274,274,274,274,274,274,274,274,274,274,274,274,252,274,192,145,264,245,264,268,176,203,155,204,178,244,268,265,266,265,245,244,244,268,264,266,245,264,267,265,266,265,267,265,165,274,274,274,274,274,274,274,274,274,274,274,274,274,274,274,35,23,23,23,23,23,23,23,23,23,23,23,23,23,23,49,1,1610612782,110,112,114,69,111,114,111,25,111,110,110,113,1610612737,23,23,23,33,274,274,274,274,274,274,274,274,274,274,274,274,274,274,274,274,274
274,274,274,274,274,274,274,274,274,274,274,274,274,274,274,274,274,274,274,274,274,270,274,192,1610612903,145,268,245,198,199,199,199,200,267,266,267,268,244,266,264,266,265,245,268,143,144,144,144,1610612925,266,245,1610612881,-1610612565,274,274,274,274,274,274,274,274,274,274,274,274,274,274,1610612775,57,23,23,23,23,23,0,23,23,23,23,23,23,23,23,23,23,-1610612735,110,111,113,112,114,113,110,47,110,112,114,114,1610612737,23,23,23,33,274,274,274,274,274,274,274,274,274,274,274,274,274,274,274,274,274
274,274,274,274,274,274,274,274,274,274,274,274,274,274,274,274,274,274,274,274,274,274,252,274,274,192,145,245,245,265,268,268,264,265,266,245,265,266,264,268,143,144,144,144,1610612928,274,274,274,192,144,144,1610612928,274,274,274,274,274,274,274,274,274,274,274,274,274,274,1610612775,57,23,23,23,23,23,23,23,23,23,23,23,23,23,23,23,23,23,49,1610612782,113,113,111,113,113,0,1,2,111,113,110,1610612737,23,89,23,33,274,274,274,274,274,274,274,274,274,274,274,274,274,274,274,274,274
274,274,274,274,274,274,274,274,274,274,274,274,274,274,274,274,274,274,274,274,270,274,274,274,270,274,1610612906,144,145,268,266,267,245,265,266,264,1610612881,144,144,144,1610612928,274,274,274,274,274,274,274,274,274,274,274,274,274,274,274,274,274,274,274,274,274,274,274,274,1610612775,57,23,23,23,23,23,23,23,23,23,23,-1073741774,45,45,1610612786,27,-1073741823,1610612786,23,23,-1610612735,113,111,113,111,112,22,23,24,110,110,113,1610612737,88,23,23,33,274,274,274,274,274,274,274,274,274,274,274,274,274,274,274,274,274
274,274,274,274,274,274,274,274,274,274,274,274,274,274,274,274,274,274,252,274,274,274,252,252,274,274,270,274,192,145,267,266,244,1610612881,144,144,-1073741654,274,274,274,274,274,274,274,274,274,274,274,274,274,274,274,274,270,274,274,274,274,274,274,274,274,274,274,274,35,23,23,23,23,23,23,23,23,23,23,23,24,113,112,-1610612690,46,112,1610612737,23,23,49,1610612782,113,111,112,113,44,45,46,110,112,112,1610612737,23,23,23,33,274,274,252,274,274,274,274,274,274,274,270,273,274,274,274,274,274
274,274,274,274,274,274,274,274,274,274,274,274,274,274,274,274,274,274,274,274,270,274,274,270,270,252,274,252,274,1610612906,144,144,144,-1073741654,274,274,274,274,274,274,274,274,274,274,274,274,274,274,274,274,274,274,274,274,274,274,274,274,274,274,274,274,274,274,1610612775,-1073741813,23,23,23,23,23,0,23,23,23,23,23,24,111,110,113,110,112,-1610612690,1610612786,23,23,49,1610612782,110,113,112,112,111,114,111,112,-1073741778,1610612785,23,23,23,55,39,274,274,274,274,274,274,273,274,274,274,274,274,274,274,274,274
274,274,274,274,274,274,274,274,274,274,274,274,274,274,274,274,274,274,274,274,274,274,274,274,274,274,274,274,274,274,274,274,274,274,274,274,274,274,274,274,274,274,274,274,274,274,274,274,274,274,274,274,274,274,274,274,274,274,274,274,274,274,274,1610612775,-1073741813,23,23,23,23,23,23,23,23,23,23,23,23,24,110,110,110,112,69,113,1610612737,23,23,23,49,1610612782,113,114,110,113,110,112,112,1610612737,23,23,23,23,88,33,274,274,274,274,274,274,273,274,274,274,274,274,274,274,274,274
274,274,274,274,274,274,274,274,274,270,274,274,274,274,274,274,274,274,274,274,274,274,274,252,274,274,274,274,274,274,274,274,274,274,274,274,274,274,274,274,274,274,274,274,274,272,274,274,274,274,274,274,274,274,274,274,274,274,274,274,272,274,1610612775,-1073741813,23,23,23,23,23,23,23,23,23,23,23,23,-1073741774,46,114,114,113,112,110,111,1610612737,23,23,23,23,-1610612735,113,111,113,114,113,112,111,1610612737,23,23,23,23,88,33,274,274,274,274,274,274,274,274,274,274,274,274,274,274,274,274
274,274,274,274,274,274,274,274,274,274,274,274,274,274,274,274,274,274,274,274,274,274,274,274,274,274,274,274,274,274,274,274,274,274,274,274,274,274,274,274,274,274,274,274,274,274,274,274,274,274,274,274,274,274,274,274,274,274,274,274,274,274,35,23,23,23,23,23,23,23,23,23,23,0,23,23,24,111,112,114,114,112,111,111,1610612737,23,23,23,23,-1610612735,112,114,111,110,111,114,110,1610612737,23,23,88,88,88,33,274,274,274,274,274,274,274,274,274,274,274,274,274,274,274,274
274,274,274,274,274,274,274,274,274,274,274,274,274,274,274,274,274,274,274,274,274,274,274,274,274,274,274,274,274,274,274,274,274,274,274,274,274,274,274,274,274,274,274,274,274,274,274,274,274,274,274,274,274,274,274,274,274,274,274,274,274,274,35,23,23,23,23,23,56,56,56,1610612797,23,23,23,23,24,111,114,69,114,110,112,110,1610612737,23,23,23,23,-1610612735,113,111,110,114,114,114,-1073741778,1610612785,23,23,23,88,23,33,274,274,274,274,274,274,274,274,274,273,274,274,274,274,274,274
274,274,274,274,274,274,274,274,274,274,274,274,274,274,274,274,274,274,274,274,274,274,274,274,274,274,274,274,274,274,274,274,274,274,274,273,274,274,274,274,274,273,274,274,274,274,274,274,274,274,274,274,274,274,274,274,274,274,274,274,274,274,35,23,23,23,-1073741763,1610612791,125,122,123,55,23,23,23,23,49,1610612782,110,110,110,112,-1073741778,1,50,23,23,23,-1610612687,46,110,112,114,113,110,111,1610612737,23,88,88,23,23,-1610612681,-1610612697,274,274,274,274,274,274,274,274,274,274,274,274,274,274,274,274
274,274,274,274,274,274,274,274,274,274,274,274,274,274,274,274,274,274,274,274,274,274,274,274,274,274,274,274,274,274,274,274,274,274,274,274,274,274,274,274,274,274,274,274,274,274,274,274,274,274,274,274,274,274,274,274,274,274,274,274,274,274,35,23,23,23,1610612792,125,124,125,122,121,-1610612680,23,23,23,23,49,1,1,1,1,50,23,23,23,23,23,-1610612735,113,110,114,113,113,114,-1073741778,1610612785,23,23,23,88,89,33,274,274,274,274,274,274,274,274,274,274,274,274,274,274,274,274,274
274,274,274,274,274,274,274,274,274,274,274,274,274,274,274,274,274,274,274,274,274,274,274,274,274,274,274,274,274,274,274,274,274,274,274,274,274,274,274,274,274,274,274,274,274,274,274,274,274,274,274,274,274,274,274,274,274,274,274,274,274,274,35,23,23,23,1610612792,122,121,123,122,122,-1610612680,23,23,23,23,0,0,23,23,23,23,23,23,23,23,-1610612687,46,112,112,110,112,113,111,1610612737,23,23,23,23,89,-1610612681,-1610612697,274,274,274,274,274,274,274,274,274,274,274,274,274,274,274,274,274
274,274,274,274,274,274,274,274,274,274,274,274,274,274,274,274,274,274,274,274,274,274,274,274,274,274,274,274,274,274,272,274,274,274,274,274,274,274,274,274,274,274,274,274,274,274,274,274,274,274,274,274,274,274,274,274,274,274,274,274,274,274,35,23,23,23,1610612792,122,122,124,121,122,-1610612680,23,23,23,23,23,23,23,23,23,23,23,23,23,23,-1610612735,110,113,114,112,114,-1073741778,1,1610612785,23,23,23,23,-1610612681,-1610612697,274,274,274,274,274,274,274,274,274,274,274,274,274,274,274,274,274,274
274,274,274,274,274,274,274,274,274,274,274,274,274,274,274,274,274,274,274,274,274,274,274,274,274,274,274,274,274,274,274,274,274,274,274,274,274,274,274,274,274,274,274,274,274,274,274,274,274,274,274,274,274,274,274,274,274,274,274,274,274,274,35,88,23,23,-1610612675,-1073741768,-1073741769,123,125,-1610612681,61,23,23,0,23,23,23,23,23,23,23,23,23,23,23,49,1,1,1,1,1,1610612785,23,23,23,23,-1610612681,12,-1610612697,274,274,274,274,274,274,274,274,274,274,274,274,274,274,274,274,274,274,274
274,274,274,274,274,274,274,274,274,274,274,274,274,274,274,274,274,274,274,274,274,274,274,274,274,274,274,274,274,274,274,274,274,274,274,274,274,274,274,274,274,274,274,274,274,274,274,274,274,274,274,274,274,274,274,274,274,274,274,274,274,274,35,23,23,23,23,23,23,-1073741768,-1073741768,61,23,23,23,23,23,23,23,23,23,23,23,23,23,23,23,23,23,23,23,23,23,23,23,23,23,-1610612681,-1610612697,274,274,274,274,274,274,274,274,274,274,274,274,274,274,274,274,274,274,274,274,274
274,274,274,274,274,274,274,274,274,274,274,274,274,274,274,274,274,274,274,274,274,274,274,274,274,274,274,274,274,274,274,274,274,274,274,274,274,274,274,274,274,274,274,274,274,274,274,274,274,274,274,274,274,274,274,274,274,274,274,274,274,274,-1073741785,-1610612725,23,23,23,23,23,23,23,23,23,23,23,23,23,23,23,23,23,23,23,23,23,23,23,23,23,23,23,23,23,88,23,23,-1610612681,-1610612697,274,274,274,274,274,274,274,274,274,274,274,274,274,272,274,274,274,274,274,274,274,274
274,274,274,274,274,274,274,274,274,274,274,274,274,274,274,274,274,274,274,274,274,274,274,274,274,274,274,274,274,274,274,274,274,274,274,274,274,274,274,274,274,274,274,274,274,274,274,274,274,274,274,274,274,274,274,274,274,274,274,274,274,274,274,35,88,23,23,23,23,23,23,23,23,23,23,23,23,23,23,23,23,23,23,23,23,23,23,23,23,23,23,23,23,11,12,12,-1610612697,274,274,274,274,274,274,274,274,274,274,274,274,274,274,274,274,274,274,274,274,274,274,274
274,274,274,274,274,274,274,274,274,274,274,274,274,274,274,274,274,274,274,274,274,274,274,274,274,274,274,274,274,274,274,274,274,274,274,274,274,274,274,274,274,274,274,274,274,274,274,274,274,274,274,274,274,274,274,274,274,274,274,274,273,274,274,-1073741785,-1610612725,23,23,23,23,23,23,23,23,23,23,23,23,23,23,23,23,23,23,23,23,23,23,23,23,11,12,12,12,-1610612697,274,274,274,274,274,274,274,274,274,274,274,274,274,274,274,274,274,274,274,274,274,274,274,274,274,274
274,274,274,274,274,274,274,274,274,274,274,274,274,274,274,274,274,274,274,274,274,274,274,274,274,274,274,274,274,274,274,274,274,274,274,274,274,274,274,274,274,274,274,274,274,274,274,274,274,274,274,274,274,274,274,274,274,274,274,274,274,274,274,274,35,23,23,23,23,23,23,23,23,23,23,23,23,23,23,23,23,23,23,23,23,11,12,12,12,-1610612697,274,274,274,274,274,274,274,274,274,274,274,274,274,274,274,274,274,274,274,274,274,274,274,274,274,274,274,274,274,274
274,274,274,274,274,274,274,274,274,274,274,274,274,274,274,274,274,274,274,274,274,274,274,274,274,274,274,274,274,274,274,274,274,274,274,274,274,274,274,274,274,274,274,274,274,274,274,274,274,274,274,274,274,274,274,274,274,274,274,274,274,274,274,274,-1073741785,12,12,12,12,12,12,12,12,12,12,12,12,12,12,12,12,12,12,12,12,-1610612697,274,274,274,274,270,274,274,274,274,274,274,274,274,274,274,274,274,274,274,274,274,274,274,274,274,274,274,274,274,274,274,274,274,274
274,274,274,274,274,274,274,274,274,274,274,274,274,274,274,274,274,274,274,274,274,274,274,274,274,274,274,274,274,274,274,274,274,274,274,274,274,274,274,274,274,274,274,274,274,274,274,274,274,274,274,274,274,274,274,274,274,274,274,274,274,274,274,274,274,274,274,274,274,274,274,274,274,274,274,274,274,274,274,274,274,274,274,274,274,274,274,274,274,274,274,274,274,274,274,274,274,274,274,274,274,274,274,270,274,274,274,274,274,274,274,274,274,274,274,274,274,274,274,274
274,274,274,274,274,274,274,274,274,274,274,274,274,274,274,274,274,274,274,274,274,274,274,274,274,274,274,274,274,274,274,274,274,274,274,274,274,274,274,274,274,274,274,274,274,274,274,274,274,274,274,274,274,274,274,274,274,274,274,274,274,274,274,274,274,274,274,274,274,274,274,274,274,274,274,274,274,274,274,274,274,274,274,274,274,274,274,274,274,274,274,274,274,274,274,274,274,274,274,274,274,274,274,274,274,274,274,274,274,274,274,274,274,274,274,274,274,274,274,274
274,274,274,274,274,274,274,274,274,274,274,274,274,274,274,274,274,274,274,274,274,274,274,274,274,274,274,274,274,274,274,274,274,274,274,274,274,274,274,274,274,274,274,274,274,274,274,274,274,274,274,274,274,274,274,274,274,274,274,274,274,274,274,272,274,274,274,274,270,274,274,274,274,274,274,272,274,274,274,274,274,274,274,274,274,274,274,274,274,274,270,274,274,274,274,274,274,274,274,274,274,274,274,274,274,274,274,274,274,274,274,274,274,274,274,274,274,274,274,274
274,274,274,274,274,274,274,274,274,274,274,274,274,274,274,274,274,274,274,274,274,274,274,274,274,274,274,274,274,274,274,274,274,274,274,274,274,274,274,274,274,274,274,274,274,274,274,274,274,274,274,274,274,274,274,274,274,274,274,274,274,274,274,274,274,274,274,274,274,274,274,274,274,274,274,274,274,274,274,274,274,274,274,274,274,274,274,274,274,274,274,274,274,274,274,274,274,274,274,274,274,274,274,274,274,274,274,274,274,274,274,274,274,274,274,274,274,274,274,274
274,274,274,274,274,274,274,274,274,274,274,274,274,274,274,274,274,274,274,274,274,274,274,274,274,274,274,274,274,274,274,274,274,274,274,274,274,274,274,274,274,274,274,274,274,274,274,274,274,274,274,274,274,274,274,274,274,274,274,274,274,274,274,274,274,274,274,274,274,274,274,274,274,274,274,274,274,274,274,274,274,274,274,274,274,274,274,274,274,274,274,274,274,274,274,274,274,274,274,274,274,274,274,274,274,274,274,274,274,274,274,274,274,274,274,274,274,274,274,274
